fecha_hora,camara,en_linea,fps_procesados,fps_camara,frames_descartados,reconexiones,segundos_sin_frame,eventos_worker,ms_plates,ms_faces,ms_pose,ms_motion,latencia_api_ms,cpu_pct,ram_usada_mb,gpu,gpu_uso_pct,vram_usada_mb,vram_total_mb
2026-10-06 20:59:30,bench-1,True,6.92,20.0,0,0,0.09,0,49.3,23.2,37.0,31.7,47.6,56.8,13414,NVIDIA GeForce RTX 4050 Laptop GPU,23.0,898.0,6141.0
2026-10-06 20:59:35,bench-1,True,6.39,20.0,0,0,0.02,0,50.3,25.9,42.2,35.0,27.2,31.0,13508,NVIDIA GeForce RTX 4050 Laptop GPU,38.0,898.0,6141.0
2026-10-06 20:59:40,bench-1,True,6.39,20.0,0,0,0.02,0,50.3,25.9,42.2,35.0,27.5,26.1,13512,NVIDIA GeForce RTX 4050 Laptop GPU,22.0,898.0,6141.0
2026-10-06 20:59:46,bench-1,True,10.11,20.0,0,0,0.05,0,34.0,16.6,24.6,21.5,24.7,36.1,13491,NVIDIA GeForce RTX 4050 Laptop GPU,51.0,885.0,6141.0
2026-10-06 20:59:51,bench-1,True,10.11,20.0,0,0,0.05,0,34.0,16.6,24.6,21.5,13.6,28.0,13406,NVIDIA GeForce RTX 4050 Laptop GPU,48.0,875.0,6141.0
2026-10-06 20:59:56,bench-1,True,10.11,20.0,0,0,0.05,0,34.0,16.6,24.6,21.5,2.7,25.5,13431,NVIDIA GeForce RTX 4050 Laptop GPU,46.0,882.0,6141.0
2026-10-06 21:00:01,bench-1,True,16.92,20.0,0,0,0.03,0,20.8,11.0,14.3,12.1,3.7,34.7,13390,NVIDIA GeForce RTX 4050 Laptop GPU,34.0,872.0,6141.0
2026-10-06 21:00:06,bench-1,True,16.92,20.0,0,0,0.03,0,20.8,11.0,14.3,12.1,2.2,22.6,13385,NVIDIA GeForce RTX 4050 Laptop GPU,46.0,865.0,6141.0
2026-10-06 21:00:11,bench-1,True,16.92,20.0,0,0,0.03,0,20.8,11.0,14.3,12.1,24.4,26.6,13391,NVIDIA GeForce RTX 4050 Laptop GPU,45.0,865.0,6141.0
2026-10-06 21:00:16,bench-1,True,17.44,20.0,0,0,0.01,0,19.8,10.5,13.8,11.8,2.9,26.8,13363,NVIDIA GeForce RTX 4050 Laptop GPU,48.0,865.0,6141.0
2026-10-06 21:00:21,bench-1,True,17.44,20.0,0,0,0.01,0,19.8,10.5,13.8,11.8,6.2,24.3,13351,NVIDIA GeForce RTX 4050 Laptop GPU,48.0,865.0,6141.0
2026-10-06 21:00:26,bench-1,True,17.44,20.0,0,0,0.01,0,19.8,10.5,13.8,11.8,4.8,25.6,13345,NVIDIA GeForce RTX 4050 Laptop GPU,45.0,865.0,6141.0
2026-10-06 21:00:31,bench-1,True,17.39,20.0,0,0,0.04,0,19.8,10.6,13.5,11.8,3.1,29.7,13352,NVIDIA GeForce RTX 4050 Laptop GPU,48.0,865.0,6141.0
